pair,role,topic,domain,id,year,title,n_refs,n_authors,n_institutions,pct,cited_by_count,fwci,ref_age_median,ref_age_mean,ref_share_le3,ref_cross_topic,ref_cross_subfield,ref_cross_field,ref_cross_domain,ref_n_fields,ref_hot_median,ref_fwci_median,n_citers,citers_capped,cd_nok,cd5_nok,s2_influential,s2_method_cites,s2_ref_method_share,has_text,text_chars,pool_ref_age_median,pool_ref_share_le3,pool_ref_hot_median,ref_age_vs_pool,ref_share_le3_vs_pool,ref_hot_vs_pool,atyp_n_pairs,atyp_unscorable,atyp_median_z,atyp_p10_z,atyp_share_novel
0,case,Health and Lifestyle Studies,Health Sciences,W1979639801,2016,Recomendaciones sobre el estilo de vida,53,9,0,0.98863516,126,14.9567,15.0,14.75,0.038,0.962,0.846,0.769,0.154,7,265.5,7.46,,False,,,0,0,0.0,False,,,,,,,,,,,,
0,twin,Health and Lifestyle Studies,Health Sciences,W2339696061,2016,Probabilidad de evento coronario en los próximos 10 años en pacientes diabéticos según la escala de Framingham - REGICOR,6,2,2,0.76900763,2,0.6504,8,8.8,0.2,0.75,0.75,0.75,0.0,2,147,60.34,,False,,,0,0,0.0,True,17637,,,,,,,,,,,
1,case,Vibrio bacteria research studies,Life Sciences,W2917815849,2019,Bacterial cGAS-like enzymes synthesize diverse nucleotide signals,51,11,6,0.99935202,392,32.8676,5,7.12,0.255,0.902,0.863,0.51,0.176,5,269,11.3,,False,,,22,7,0.0,False,,,,,,,,,,,,
1,twin,Vibrio bacteria research studies,Life Sciences,W2913469753,2019,Bivalent oral cholera vaccination induces a memory B cell response to the V. cholerae O1-polysaccharide antigen in Haitian adults,27,13,9,0.78891949,17,1.5327,7,8.96,0.222,0.259,0.148,0.111,0.074,3,71,4.39,,False,,,0,1,0.0,False,,,,,,,,,,,,
2,case,Anodic Oxide Films and Nanostructures,Physical Sciences,W2064056867,2011,The role of electric field in pore formation during aluminum anodization,36,2,1,0.95934072,223,4.6372,14,19.23,0.229,0.2,0.171,0.114,0.0,2,279,3.7,,False,,,9,1,,False,,,,,,,,,,,,
2,twin,Anodic Oxide Films and Nanostructures,Physical Sciences,W4382023531,2011,"Preparation of 6-Diallylamino-1,3,5-Triazine-2,4-Dithiol Functional Nanofilm by Electrochemical Polymerization Technique on Aluminum Surface",27,3,1,0.75503918,14,1.0144,8.0,9.88,0.192,0.962,0.731,0.385,0.038,5,18.5,0.87,,False,,,0,0,0.053,False,,,,,,,,,,,,
3,case,Viral Infectious Diseases and Gene Expression in Insects,Life Sciences,W2070451836,2015,Critical aspects of using bacterial cell viability assays with the fluorophores SYTO9 and propidium iodide,30,4,1,0.9943796,717,15.5483,14.0,15.73,0.133,1.0,0.733,0.467,0.3,7,192.0,4.46,,False,,,26,47,0.2,False,,,,,,,,,,,,
3,twin,Viral Infectious Diseases and Gene Expression in Insects,Life Sciences,W2190457155,2015,Endoplasmic Reticulum-Associated rht-PA Processing in CHO Cells: Influence of Mild Hypothermia and Specific Growth Rates in Batch and Chemostat Cultures,40,8,4,0.75073927,12,0.9632,10.0,12.65,0.125,0.575,0.425,0.2,0.15,3,54.5,1.99,,False,,,0,1,0.024,False,,,,,,,,,,,,
4,case,Transition Metal Oxide Nanomaterials,Physical Sciences,W2292628419,2016,"Intelligent Multifunctional VO2/SiO2/TiO2 Coatings for Self-Cleaning, Energy-Saving Window Panels",51,8,1,0.99876732,252,27.3173,10,13.25,0.118,0.431,0.431,0.314,0.0,7,169,5.66,,False,,,0,3,,False,,,,,,,,,,,,
4,twin,Transition Metal Oxide Nanomaterials,Physical Sciences,W2288936626,2016,A first-principles study on new high-pressure metastable polymorphs of MoO2,47,2,2,0.81616084,20,1.6941,16,22.51,0.021,0.809,0.809,0.66,0.0,8,167,4.3,,False,,,0,1,,False,,,,,,,,,,,,
5,case,Lepidoptera: Biology and Taxonomy,Life Sciences,W2954733066,2019,A mirage of cryptic species: Genomics uncover striking mitonuclear discordance in the butterfly Thymelicus sylvestris,60,7,5,0.98453378,118,9.3382,7.0,8.87,0.133,0.833,0.633,0.4,0.15,7,627.5,18.44,,False,,,3,2,,False,,,,,,,,,,,,
5,twin,Lepidoptera: Biology and Taxonomy,Life Sciences,W2963245931,2019,The mitochondrial genome of Erannis ankeraria (Lepidoptera: Geometridae),8,4,4,0.60065668,3,0.1638,7.5,6.75,0.125,0.125,0.125,0.0,0.0,1,93.5,5.73,,False,,,0,0,0.0,False,,,,,,,,,,,,
6,case,Astro and Planetary Science,Physical Sciences,W2109003093,2013,"Chelyabinsk Airburst, Damage Assessment, Meteorite Recovery, and Characterization",143,59,34,0.99790939,653,24.8481,9,13.53,0.248,0.409,0.365,0.358,0.058,12,100,3.46,,False,,,37,23,,False,,,,,,,,,,,,
6,twin,Astro and Planetary Science,Physical Sciences,W1981899327,2013,"Experimental investigation of reduced volatile formation by high-temperature interactions among meteorite constituent materials, water, and nitrogen",46,4,1,0.74696408,20,0.7308,12.0,21.21,0.119,0.595,0.357,0.31,0.024,7,146.0,3.53,,False,,,1,0,,False,,,,,,,,,,,,
7,case,Hearing Loss and Rehabilitation,Life Sciences,W2923326318,2019,Further Evidence of the Relationship Between Cochlear Implant Electrode Positioning and Hearing Outcomes,53,7,2,0.98104706,161,7.3597,11,14.33,0.143,0.122,0.122,0.082,0.082,4,146,2.66,,False,,,2,4,0.0,False,,10,0.161,107.0,1,-0.018,1.364,15,0,0.066,-1.597,0.333
7,twin,Hearing Loss and Rehabilitation,Life Sciences,W2787401765,2019,"The test-retest reliability of questionnaires regarding attitudes and beliefs toward noise, hearing loss, and hearing protector devices in young adults.",28,4,1,0.69298203,15,0.8533,9,9.37,0.111,0.964,0.964,0.536,0.536,4,74.0,4.69,,False,,,1,2,0.226,False,,10,0.161,107.0,-1,-0.05,0.692,15,0,-0.163,-0.712,0.6
8,case,Metal Alloys Wear and Properties,Physical Sciences,W2018722914,2015,Effects of Rare Earth on the Microstructure and Impact Toughness of H13 Steel,32,4,2,0.89789154,136,2.5296,8,12.45,0.097,0.806,0.774,0.742,0.0,3,72,1.61,,False,,,3,1,0.031,False,,,,,,,,,,,,
8,twin,Metal Alloys Wear and Properties,Physical Sciences,W1570262056,2015,Load-carrying capacity of WC/C-coated gears lubricated with a low-viscosity oil,25,1,1,0.42590001,7,0.1265,8,7.96,0.174,1.0,0.435,0.435,0.0,3,56,1.88,,False,,,0,1,,False,,,,,,,,,,,,
9,case,Sports injuries and prevention,Health Sciences,W2126595565,2011,Hamstring muscle injuries in professional football: the correlation of MRI findings with return to play,43,6,5,0.99399019,495,13.4548,6,7.35,0.209,0.116,0.07,0.0,0.0,1,274,4.65,,False,,,28,24,,False,,,,,,,,,,,,
9,twin,Sports injuries and prevention,Health Sciences,W2016739320,2011,Revisión bibliográfica de la efectividad del kinesiotaping,38,2,1,0.85568559,24,2.1244,2,3.4,0.6,0.857,0.714,0.229,0.143,4,102,2.21,,False,,,0,0,,False,,,,,,,,,,,,
10,case,RNA Interference and Gene Delivery,Life Sciences,W2803566305,2018,GalNAc-siRNA Conjugates: Leading the Way for Delivery of RNAi Therapeutics,103,2,1,0.99467168,687,14.4743,17,19.92,0.272,0.68,0.379,0.311,0.262,8,182,6.38,,False,,,21,9,,False,,,,,,,,,,,,
10,twin,RNA Interference and Gene Delivery,Life Sciences,W2903661111,2018,Cloning and expression of L-asparaginase from Bacillus tequilensis PV9W and therapeutic efficacy of Solid Lipid Particle formulations against cancer,30,6,2,0.67784915,29,0.6617,5,8.48,0.345,0.931,0.828,0.586,0.448,9,83,3.31,,False,,,1,1,0.0,False,,,,,,,,,,,,
11,case,"Rings, Modules, and Algebras",Physical Sciences,W1045711957,2015,Nil-clean and strongly nil-clean rings,34,3,3,0.99884793,97,24.0076,12.5,22.57,0.3,0.1,0.067,0.067,0.033,3,72.0,2.88,,False,,,12,2,,False,,,,,,,,,,,,
11,twin,"Rings, Modules, and Algebras",Physical Sciences,W2072407405,2015,On Reduced Zero-Divisor Graphs of Posets,13,2,1,0.10954677,2,0.0,6,10.77,0.077,0.154,0.154,0.154,0.077,3,80,3.1,,False,,,0,0,0.125,False,,,,,,,,,,,,
12,case,Fermentation and Sensory Analysis,Life Sciences,W1774024296,2015,Microbial terroir and food innovation: The case of yeast biodiversity in wine,160,5,2,0.99624762,228,21.6604,8.0,8.92,0.26,0.144,0.137,0.123,0.034,5,122.0,6.15,,False,,,7,0,,False,,,,,,,,,,,,
12,twin,Fermentation and Sensory Analysis,Life Sciences,W1190150953,2015,Physico-chemical properties of botrytised Chenin blanc grapes to assess the extent of noble rot,20,5,2,0.84478611,19,1.6989,8.0,8.9,0.25,0.6,0.6,0.25,0.25,4,83.5,6.84,,False,,,0,0,,False,,,,,,,,,,,,
13,case,Electric Power System Optimization,Physical Sciences,W2010892660,2011,The impact of wind generation on the electricity spot-market price level and variance: The Texas experience,30,4,3,0.99057421,400,13.7517,4,11.31,0.483,0.517,0.483,0.379,0.207,5,107,5.93,,False,,,26,24,,False,,,,,,,,,,,,
13,twin,Electric Power System Optimization,Physical Sciences,W2066936468,2011,A Novel Improved Particle Swarm Optimization Approach for Dynamic Economic Dispatch Incorporating Wind Power,31,3,1,0.83105849,18,1.3946,4.0,4.73,0.4,0.3,0.267,0.167,0.0,3,143.0,6.02,,False,,,1,3,,False,,,,,,,,,,,,
14,case,Catalytic Cross-Coupling Reactions,Physical Sciences,W2890676278,2018,Well-Defined Palladium(II)–NHC Precatalysts for Cross-Coupling Reactions of Amides and Esters by Selective N–C/O–C Cleavage,73,3,3,0.99884459,394,23.4358,3,6.07,0.562,0.507,0.26,0.151,0.11,5,217,10.95,,False,,,1,0,,False,,,,,,,,,,,,
14,twin,Catalytic Cross-Coupling Reactions,Physical Sciences,W2884792634,2018,Palladium‐Catalyzed Domino Heck/Silylation Reaction for the Synthesis of (2‐Oxoindolin‐3‐yl)methylsilanes via Trapping of the σ‐Alkylpalladium Intermediates with Disilanes,54,6,2,0.81315911,19,1.5764,7.0,8.57,0.389,0.722,0.185,0.185,0.056,7,92.5,4.71,,False,,,0,0,,False,,,,,,,,,,,,
15,case,Pneumonia and Respiratory Infections,Health Sciences,W2002459863,2010,Structure and dynamics of the pan-genome of Streptococcus pneumoniae and closely related species,71,18,12,0.99457375,413,15.6025,5,6.63,0.366,0.493,0.493,0.465,0.451,7,272,10.98,,False,,,23,23,0.171,False,,,,,,,,,,,,
15,twin,Pneumonia and Respiratory Infections,Health Sciences,W2041131478,2010,Prevalence of undiagnosed hypoxemia in adults and children in an under-resourced district hospital in Zambia,23,7,5,0.5882221,23,0.1814,4,5.65,0.391,0.773,0.682,0.227,0.227,2,84,2.62,,False,,,1,1,0.0,False,,,,,,,,,,,,
16,case,Fluid Dynamics and Heat Transfer,Physical Sciences,W1989920209,2014,Universality of Tip Singularity Formation in Freezing Water Drops,15,5,6,0.98616803,291,9.1182,7,10.33,0.4,0.8,0.8,0.467,0.0,3,121,1.33,,False,,,11,9,0.067,True,21585,,,,,,,,,,,
16,twin,Fluid Dynamics and Heat Transfer,Physical Sciences,W2020416394,2014,Production of a high-velocity water slug using an impacting technique,13,2,4,0.71992527,18,0.8548,21,24.31,0.077,0.846,0.769,0.462,0.0,4,32,0.97,,False,,,0,0,,False,,,,,,,,,,,,
17,case,Cleft Lip and Palate Research,Life Sciences,W2128144746,2014,The Americleft Speech Project: A Training and Reliability Study,101,12,16,0.93793125,189,3.8562,12,16.46,0.113,0.567,0.567,0.567,0.546,10,95,2.0,,False,,,18,21,0.158,False,,,,,,,,,,,,
17,twin,Cleft Lip and Palate Research,Life Sciences,W2408915156,2014,[Influential factors affecting the postoperative velopharyngeal function among aged cleft palate patients].,11,6,0,0.65537574,7,0.2142,9,15.64,0.0,0.0,0.0,0.0,0.0,1,58,1.11,,False,,,,,,False,,,,,,,,,,,,
18,case,Pickering emulsions and particle stabilization,Physical Sciences,W2739511401,2017,Characterization of Pickering emulsion gels stabilized by zein/gum arabic complex colloidal nanoparticles,37,5,1,0.99284214,474,11.3553,2,3.43,0.676,0.405,0.405,0.378,0.378,4,247,8.1,,False,,,2,5,,False,,,,,,,,,,,,
18,twin,Pickering emulsions and particle stabilization,Physical Sciences,W2729223875,2017,Microfluidic fabrication of photonic encoding magnetized silica microspheres for aptamer-based enrichment of Ochratoxin A,35,11,3,0.77364419,21,1.2501,4,5.89,0.429,0.829,0.8,0.771,0.571,6,105,6.43,,False,,,1,1,,False,,,,,,,,,,,,
19,case,Galectins and Cancer Biology,Life Sciences,W2789752648,2018,"Galectin-3: One Molecule for an Alphabet of Diseases, from A to Z",489,9,5,0.99183787,378,11.3453,10.0,12.44,0.118,0.371,0.337,0.328,0.232,5,119.5,2.77,,False,,,14,1,0.038,False,,,,,,,,,,,,
19,twin,Galectins and Cancer Biology,Life Sciences,W2893916093,2018,The Predictive Value of Plasma Brain Natriuretic Peptide and Galectin-3 in Elderly Patients Admitted for Heart Failure,37,4,2,0.63581483,27,0.5927,8,14.34,0.2,0.771,0.771,0.771,0.771,3,273,7.84,,False,,,0,0,0.086,False,,,,,,,,,,,,
20,case,Advanced Fiber Laser Technologies,Physical Sciences,W2040371569,2012,Demonstration of a stable ultrafast laser based on a nonlinear microcavity,36,7,6,0.99499472,450,15.9673,5,8.63,0.371,0.4,0.371,0.371,0.029,4,249,5.67,,False,,,0,3,0.312,False,,,,,,,,,,,,
20,twin,Advanced Fiber Laser Technologies,Physical Sciences,W2061124791,2012,Spectral phase shift and residual angular dispersion of an acousto-optic programmable dispersive filter,28,5,2,0.69104133,11,0.7176,8,10.33,0.222,0.852,0.185,0.148,0.037,3,62,3.52,,False,,,0,0,,False,,,,,,,,,,,,
21,case,Mycobacterium research and diagnosis,Health Sciences,W2791765621,2018,Phylogenomics and Comparative Genomic Studies Robustly Support Division of the Genus Mycobacterium into an Emended Genus Mycobacterium and Four Novel Genera,207,3,1,0.99970788,538,75.2993,10.0,16.38,0.149,0.411,0.406,0.371,0.371,6,70.0,3.28,,False,,,36,23,0.284,False,,,,,,,,,,,,
21,twin,Mycobacterium research and diagnosis,Health Sciences,W2795063159,2018,Human IL12RB1 expression is allele-biased and produces a novel IL12 response regulator,84,7,2,0.70599405,9,0.753,10.0,10.54,0.131,0.988,0.976,0.798,0.798,4,89.5,2.84,,False,,,0,0,0.0,False,,,,,,,,,,,,
22,case,Skin and Cellular Biology Research,Life Sciences,W2147209470,2014,Mechanotransduction and fibrosis,169,11,3,0.97984645,203,6.8921,5.0,8.65,0.407,0.981,0.646,0.516,0.509,6,194.5,6.71,,False,,,3,2,0.042,False,,,,,,,,,,,,
22,twin,Skin and Cellular Biology Research,Life Sciences,W2018608811,2014,Two novel mutations in the LOR gene in three families with loricrin keratoderma,12,6,7,0.58678366,12,0.422,12.5,11.08,0.167,0.083,0.083,0.0,0.0,1,44.5,0.84,,False,,,0,0,,False,,,,,,,,,,,,
23,case,Foot and Ankle Surgery,Health Sciences,W2193011214,2013,Selection criteria for patients with chronic ankle instability in controlled research: a position statement of the International Ankle Consortium,53,15,14,0.99913812,788,27.4712,5,6.55,0.327,0.245,0.184,0.041,0.02,3,218,4.1,,False,,,86,64,,False,,,,,,,,,,,,
23,twin,Foot and Ankle Surgery,Health Sciences,W2127508065,2013,Prevalence of Accessory Ossicles and Sesamoid Bones in Hallux Valgus,29,6,3,0.59096459,16,0.2431,17.5,22.11,0.036,0.821,0.786,0.179,0.179,3,56.5,0.61,,False,,,3,0,,False,,,,,,,,,,,,
24,case,Memory Processes and Influences,Life Sciences,W2519712219,2016,Youthful Brains in Older Adults: Preserved Neuroanatomy in the Default Mode and Salience Networks Contributes to Youthful Memory in Superaging,60,6,4,0.98687486,200,9.3786,9,10.46,0.237,0.932,0.407,0.407,0.407,8,450,8.54,,False,,,16,10,0.14,False,,,,,,,,,,,,
24,twin,Memory Processes and Influences,Life Sciences,W2552051208,2016,"Sex, age, and sex hormones affect recall of words in a directed forgetting paradigm",57,6,2,0.71556913,14,0.7563,8,10.21,0.246,0.825,0.702,0.596,0.509,6,161,4.46,,False,,,0,1,,False,,,,,,,,,,,,
25,case,Microbial Metabolites in Food Biotechnology,Health Sciences,W2194583909,2015,"Production, properties, and industrial food application of lactic acid bacteria-derived exopolysaccharides",170,4,2,0.99393684,361,13.3,12.0,16.15,0.108,0.62,0.601,0.601,0.57,7,127.0,4.12,,False,,,0,0,,False,,,,,,,,,,,,
25,twin,Microbial Metabolites in Food Biotechnology,Health Sciences,W2256802547,2015,"Antioxidant, Anti-inflammatory and Cytotoxicity on Human Lung Epithelial A549 Cells of Jerusalem artichoke (Helianthus tuberosus L.) Tuber",27,2,1,0.66625734,11,0.4667,8.0,9.92,0.269,0.962,0.962,0.962,0.538,6,182.0,3.97,,False,,,2,0,,False,,,,,,,,,,,,
26,case,Aquaculture disease management and microbiota,Life Sciences,W1993065952,2010,Teleost intestinal immunology,211,5,3,0.97550204,608,6.5936,6,10.18,0.292,0.488,0.292,0.282,0.077,8,98,1.84,,False,,,28,3,,False,,,,,,,,,,,,
26,twin,Aquaculture disease management and microbiota,Life Sciences,W1990273311,2010,Lymphocytes with T-cell-like properties express the Fas ligand in the Japanese flounder Paralichthys olivaceus,37,6,2,0.66606859,18,0.6486,11.0,10.06,0.167,0.806,0.667,0.667,0.028,3,113.5,3.02,,False,,,2,1,,False,,,,,,,,,,,,
27,case,Facial Rejuvenation and Surgery Techniques,Health Sciences,W2914434557,2019,Anatomy of the Facial Fat Compartments and their Relevance in Aesthetic Surgery,68,2,3,0.99221744,131,13.3652,6.5,11.24,0.212,0.364,0.303,0.091,0.045,4,91.5,4.14,,False,,,6,0,,False,,,,,,,,,,,,
27,twin,Facial Rejuvenation and Surgery Techniques,Health Sciences,W2994312635,2019,Predictability of the Phenylephrine Test With Regard to Eyelid Skin Appearance in Patients Who Undergo Müller Muscle–Conjunctival Resection Without Blepharoplasty,23,3,3,0.66994871,11,0.405,12.0,14.5,0.056,0.111,0.111,0.0,0.0,1,48.5,1.87,,False,,,1,0,,False,,,,,,,,,,,,
28,case,Culinary Culture and Tourism,Life Sciences,W2223380856,2016,Memorable Tourist Experiences and Place Attachment When Consuming Local Food,102,1,1,0.99796102,515,24.7096,15.0,17.18,0.031,0.906,0.906,0.885,0.812,8,506.5,12.7,,False,,,40,6,,False,,,,,,,,,,,,
28,twin,Culinary Culture and Tourism,Life Sciences,W2524393622,2016,On Imitating the Regimen of Immortality or Facing the Diet of Mortal Reality: A Brief History of Abstinence from Flesh-Eating in Christianity,23,1,1,0.11100149,4,0.0,17.0,31.82,0.182,1.0,1.0,1.0,0.955,4,19.5,0.0,,False,,,0,0,,False,,,,,,,,,,,,
29,case,Heavy metals in environment,Physical Sciences,W1999185871,2013,Remediation of heavy metal(loid)s contaminated soils – To mobilize or to immobilize?,401,8,8,0.9994648,2018,39.4661,8,9.24,0.256,0.538,0.528,0.227,0.113,12,127,3.79,,False,,,51,1,,False,,9,0.183,113.0,-1,0.073,1.124,406,0,0.406,-0.916,0.33
29,twin,Heavy metals in environment,Physical Sciences,W2130334366,2013,Effect of sewage sludge on metal content of grassland soil and herbage in semiarid lands,22,3,2,0.76529747,12,1.1343,8.0,11.95,0.227,0.455,0.318,0.136,0.091,3,107.5,3.14,,False,,,2,1,,False,,9,0.183,113.0,-1.0,0.044,0.951,10,0,0.326,-0.381,0.1
30,case,Immunodeficiency and Autoimmune Disorders,Life Sciences,W2487528628,2016,Trisomy 21 consistently activates the interferon response,89,12,3,0.98256782,390,8.2013,4,7.57,0.471,1.0,0.931,0.92,0.586,5,143,7.75,,False,,,18,7,0.128,False,,,,,,,,,,,,
30,twin,Immunodeficiency and Autoimmune Disorders,Life Sciences,W2473872168,2016,Recurrent Cellulitis Caused by Helicobacter cinaedi in a Patient with X-linked Agammaglobulinaemia,15,8,1,0.72228479,13,0.8484,8.5,10.36,0.286,0.5,0.5,0.5,0.429,3,37.5,1.51,,False,,,0,0,,False,,,,,,,,,,,,
31,case,Advanced Antenna and Metasurface Technologies,Physical Sciences,W2027918153,2014,Reconfigurable Folded Reflectarray Antenna Based Upon Liquid Crystal Technology,48,5,2,0.99955276,253,243.1472,5,6.63,0.22,0.171,0.073,0.049,0.0,2,38,12.93,,False,,,6,29,,False,,,,,,,,,,,,
31,twin,Advanced Antenna and Metasurface Technologies,Physical Sciences,W2010048157,2014,Broadening bandwidth of the composite radar absorption material involving a frequency selective surface,13,6,0,0.98616675,8,15.8031,7,8.54,0.231,0.154,0.154,0.154,0.0,3,164,171.01,,False,,,1,1,,False,,,,,,,,,,,,
32,case,Turtle Biology and Conservation,Physical Sciences,W2005712468,2012,To Eat or Not to Eat? Debris Selectivity by Marine Turtles,56,4,4,0.98856903,173,10.9867,10,11.71,0.275,0.471,0.471,0.176,0.059,6,217,3.58,,False,,,8,3,0.0,False,,,,,,,,,,,,
32,twin,Turtle Biology and Conservation,Physical Sciences,W1980373626,2012,Effects of road proximity on genetic diversity and reproductive success of the painted turtle (Chrysemys picta),51,3,6,0.82839546,19,1.7167,13.0,16.2,0.08,0.56,0.56,0.4,0.38,6,225.0,5.86,,False,,,0,0,,False,,,,,,,,,,,,
33,case,Melanoma and MAPK Pathways,Life Sciences,W2033708806,2013,Oncogenic BRAF Regulates Oxidative Metabolism via PGC1α and MITF,79,15,6,0.99797665,823,25.7009,5.0,8.08,0.346,0.692,0.551,0.256,0.244,3,619.5,15.95,,False,,,65,7,0.0,False,,,,,,,,,,,,
33,twin,Melanoma and MAPK Pathways,Life Sciences,W1991144222,2013,Low BRAF and NRAS expression levels are associated with clinical benefit from DTIC therapy and prognosis in metastatic melanoma,46,8,4,0.75806906,20,1.0995,5,5.69,0.4,0.444,0.4,0.289,0.267,4,253,9.15,,False,,,1,1,0.0,False,,,,,,,,,,,,
34,case,Asymmetric Hydrogenation and Catalysis,Physical Sciences,W2034935579,2011,The Growing Impact of Catalysis in the Pharmaceutical Industry,294,4,1,0.99586344,514,17.7897,8.0,9.49,0.308,0.759,0.752,0.248,0.157,8,150.5,6.6,,False,,,1,1,,False,,,,,,,,,,,,
34,twin,Asymmetric Hydrogenation and Catalysis,Physical Sciences,W4242228693,2011,Divergent Regioselectivity in the Synthesis of Trisubstituted Allylic Alcohols by Nickel‐ and Ruthenium‐Catalyzed Alkyne Hydrohydroxymethylation with Formaldehyde,92,4,2,0.86415531,30,1.8501,14.0,16.58,0.163,0.728,0.707,0.098,0.043,6,82.5,4.43,,False,,,,,,False,,,,,,,,,,,,
35,case,Endometrial and Cervical Cancer Treatments,Health Sciences,W2154516141,2011,Phase II Trial of Bevacizumab in Recurrent or Persistent Endometrial Cancer: A Gynecologic Oncology Group Study,38,10,1,0.99825361,324,23.2206,5.5,5.66,0.316,0.5,0.5,0.237,0.237,3,182.5,7.38,,False,,,12,11,,False,,,,,,,,,,,,
35,twin,Endometrial and Cervical Cancer Treatments,Health Sciences,W2130810987,2011,Genomic instability influences the transcriptome and proteome in endometrial cancer subtypes,49,13,5,0.85808656,23,2.0318,10.0,10.94,0.104,0.896,0.896,0.583,0.562,6,140.5,3.13,,False,,,0,0,0.119,False,,,,,,,,,,,,
36,case,Plant Gene Expression Analysis,Life Sciences,W2096172188,2014,A Conserved Network of Transcriptional Activators and Repressors Regulates Anthocyanin Pigmentation in Eudicots,101,10,4,0.99291615,861,12.9851,7,9.73,0.238,0.396,0.228,0.218,0.04,5,374,6.41,,False,,,42,4,0.084,False,,,,,,,,,,,,
36,twin,Plant Gene Expression Analysis,Life Sciences,W2146827637,2014,Constitutive expression of the poplar WRKY transcription factor PtoWRKY60 enhances resistance to Dothiorella gregaria Sacc. in transgenic plants,78,10,3,0.81340735,48,1.4284,10,10.18,0.117,0.74,0.649,0.636,0.013,4,475,14.37,,False,,,0,0,,False,,,,,,,,,,,,
37,case,Cannabis and Cannabinoid Research,Health Sciences,W2100987960,2011,Cannabidiol Reduces the Anxiety Induced by Simulated Public Speaking in Treatment-Naïve Social Phobia Patients,48,14,10,0.99686456,778,20.0133,4.0,9.43,0.391,0.587,0.565,0.522,0.5,6,163.5,5.69,,False,,,31,18,,False,,,,,,,,,,,,
37,twin,Cannabis and Cannabinoid Research,Health Sciences,W1580136919,2011,Effects of the Analgesic Acetaminophen (Paracetamol) and its para‐Aminophenol Metabolite on Viability of Mouse‐Cultured Cortical Neurons,18,5,3,0.83399223,30,1.8679,4.5,9.44,0.444,0.556,0.556,0.5,0.444,6,76.5,4.75,,False,,,1,0,,False,,,,,,,,,,,,
38,case,EEG and Brain-Computer Interfaces,Life Sciences,W2126719297,2012,Classifying depression patients and normal subjects using machine learning techniques and nonlinear features from EEG signal,28,3,2,0.95360156,566,4.4101,11,12.16,0.0,0.84,0.68,0.68,0.6,8,493,7.02,,False,,,38,88,,False,,,,,,,,,,,,
38,twin,EEG and Brain-Computer Interfaces,Life Sciences,W1993492026,2012,European Public Deliberation on Brain Machine Interface Technology: Five Convergence Seminars,14,2,1,0.61674827,23,0.5188,3.0,5.93,0.643,0.786,0.643,0.571,0.571,5,113.5,2.95,,False,,,2,0,,False,,,,,,,,,,,,
39,case,Groundwater and Watershed Analysis,Physical Sciences,W2914012905,2019,"GIS and AHP Techniques Based Delineation of Groundwater Potential Zones: a case study from Southern Western Ghats, India",65,3,1,0.99921894,714,21.984,8.0,9.39,0.203,0.266,0.266,0.141,0.047,6,263.5,3.85,,False,,,52,42,0.013,False,,,,,,,,,,,,
39,twin,Groundwater and Watershed Analysis,Physical Sciences,W2941089783,2019,Coupling groundwater GIS mapping and geovisualisation techniques in urban hydrogeomorphology: focus on methodology,57,3,3,0.65880128,12,0.7614,6.5,9.5,0.196,0.75,0.607,0.446,0.214,7,98.5,2.78,,False,,,0,0,,True,48367,,,,,,,,,,,
40,case,Nail Diseases and Treatments,Health Sciences,W2785200097,2018,Deep neural networks show an equivalent and often superior performance to dermatologists in onychomycosis diagnosis: Automatic construction of onychomycosis datasets by region-based convolutional deep neural network,20,7,5,0.9960227,306,18.2224,3.0,6.22,0.556,0.667,0.667,0.444,0.444,2,4378.0,202.47,,False,,,7,26,0.2,False,,,,,,,,,,,,
40,twin,Nail Diseases and Treatments,Health Sciences,W2955349987,2018,A Hospital-Based Observational Study on the Frequency of Different Skin Diseases and Patterns of Topical Steroid Misuse,21,2,1,0.66191787,6,0.4518,9,12.53,0.105,1.0,1.0,0.053,0.0,2,54,1.53,,False,,,0,0,0.0,False,,,,,,,,,,,,
41,case,Evolution and Genetic Dynamics,Life Sciences,W2019385975,2012,Rate and molecular spectrum of spontaneous mutations in the bacterium Escherichia coli as determined by whole-genome sequencing,86,4,1,0.99561215,753,19.0502,13.0,15.21,0.233,0.802,0.698,0.198,0.163,8,286.5,6.2,,False,,,89,30,,False,,,,,,,,,,,,
41,twin,Evolution and Genetic Dynamics,Life Sciences,W2137122227,2012,Mutation Induced Extinction in Finite Populations: Lethal Mutagenesis and Lethal Isolation,67,2,1,0.80050505,24,1.1317,10,13.15,0.149,0.433,0.403,0.269,0.149,7,275,5.88,,False,,,0,1,0.053,False,,,,,,,,,,,,
42,case,Geotechnical Engineering and Soil Stabilization,Physical Sciences,W2158489246,2015,Stabilization of clayey soil using ultrafine palm oil fuel ash (POFA) and cement,42,4,1,0.99558274,179,18.2063,7,9.42,0.121,0.848,0.333,0.121,0.0,4,110,5.71,,False,,,6,14,,False,,,,,,,,,,,,
42,twin,Geotechnical Engineering and Soil Stabilization,Physical Sciences,W2330296675,2015,Comparisons of Water Behavior and Moisture Content between Rockwools and Coir used in Soilless Culture,10,2,1,0.2078026,13,0.0,9.0,10.7,0.4,1.0,0.8,0.8,0.5,5,54.0,1.98,,False,,,1,0,0.0,False,,,,,,,,,,,,
43,case,Microbial Natural Products and Biosynthesis,Health Sciences,W2609551972,2017,antiSMASH 4.0—improvements in chemistry prediction and gene cluster boundary identification,36,18,11,0.99996754,1230,146.857,2.0,4.39,0.667,0.417,0.417,0.417,0.417,3,266.0,14.97,,False,,,63,71,0.486,False,,8,0.254,92,-6.0,0.413,2.891,6,0,0.007,-0.143,0.5
43,twin,Microbial Natural Products and Biosynthesis,Health Sciences,W2775639144,2017,Mitochondrial Signs and Subcellular Imaging Provide Insight into the Antifungal Mechanism of Carabrone against Gaeumannomyces graminis var. tritici,49,6,3,0.69790618,19,0.5759,6,9.78,0.306,1.0,1.0,0.816,0.816,6,57,2.31,,False,,,0,1,,False,,8,0.254,92,-2,0.052,0.62,105,0,0.33,-0.6,0.267
44,case,Optical Network Technologies,Physical Sciences,W4241624517,2011,Design and fabrication of ultra-low crosstalk and low-loss multi-core fiber,9,5,1,0.99554262,548,20.9772,1,9.22,0.667,0.222,0.0,0.0,0.0,1,287,16.69,,False,,,64,70,,False,,4.0,0.486,53.0,-3.0,0.181,5.415,0,0,,,
44,twin,Optical Network Technologies,Physical Sciences,W2139416103,2011,Performance Evaluation of WDM Systems Through Multicanonical Monte Carlo Simulations,27,3,1,0.81670807,8,1.1654,8.0,17.81,0.154,0.577,0.577,0.538,0.0,4,76.0,3.31,,False,,,0,3,,False,,4.0,0.486,53.0,4.0,-0.332,1.434,28,17,0.0,-0.775,0.464
45,case,Chronic Kidney Disease and Diabetes,Health Sciences,W2159020137,2015,Glomerular Filtration Rate and Albuminuria for Detection and Staging of Acute and Chronic Kidney Disease in Adults,71,3,1,0.99875073,592,26.9541,3.0,3.67,0.571,0.457,0.143,0.043,0.029,4,609.0,11.88,,False,,,22,35,0.0,False,,,,,,,,,,,,
45,twin,Chronic Kidney Disease and Diabetes,Health Sciences,W2076173928,2015,Serum albumin-adjusted glycated albumin is a better indicator of glycaemic control in diabetic patients with end-stage renal disease not on haemodialysis,31,6,1,0.75220459,13,1.1231,8,8.87,0.194,0.806,0.806,0.129,0.129,3,214,10.59,,False,,,1,1,,False,,,,,,,,,,,,
46,case,Cryospheric studies and observations,Physical Sciences,W2048430163,2012,Climate change impacts on glaciers and runoff in Tien Shan (Central Asia),74,5,6,0.99872505,943,30.353,6.0,6.38,0.324,0.432,0.365,0.351,0.081,8,119.0,3.46,,False,,,83,3,,False,,,,,,,,,,,,
46,twin,Cryospheric studies and observations,Physical Sciences,W2075428046,2012,Changes in temperature and temperature gradients in the French Northern Alps during the last century,52,1,2,0.79712669,29,1.2474,11.0,16.56,0.058,0.788,0.615,0.615,0.115,9,259.0,5.45,,False,,,4,2,,False,,,,,,,,,,,,
47,case,Craniofacial Disorders and Treatments,Life Sciences,W2073744318,2010,3D digital stereophotogrammetry: a practical guide to facial image acquisition,69,4,4,0.95520642,267,4.7752,5.0,7.02,0.273,0.955,0.788,0.773,0.773,8,97.5,3.32,,False,,,6,31,0.0,False,,,,,,,,,,,,
47,twin,Craniofacial Disorders and Treatments,Life Sciences,W2082554197,2010,Absence of the Anterior Fontanelle Due to a Fontanellar Bone,6,2,1,0.71129311,18,0.5306,2.5,3.17,0.667,0.167,0.167,0.167,0.167,2,21.5,0.71,,False,,,3,1,,False,,,,,,,,,,,,
48,case,Obesity and Health Practices,Health Sciences,W2766424213,2017,Perceptions of Barriers to Effective Obesity Care: Results from the National ACTION Study,23,13,12,0.99895864,313,43.273,5.0,6.45,0.409,0.773,0.773,0.773,0.227,5,674.0,44.06,,False,,,15,5,,False,,,,,,,,,,,,
48,twin,Obesity and Health Practices,Health Sciences,W2585763612,2017,An Examination of How People Who Have Lost Weight Communicatively Negotiate Interpersonal Challenges to Weight Management,50,1,1,0.72909848,8,0.5409,11,14.47,0.102,0.796,0.796,0.735,0.571,7,275,11.07,,False,,,1,0,,False,,,,,,,,,,,,
49,case,Neuroscience of respiration and sleep,Life Sciences,W2792962347,2018,The interdependence of excitation and inhibition for the control of dynamic breathing rhythms,80,3,2,0.98567682,180,8.2289,7.0,10.78,0.263,0.237,0.237,0.062,0.0,3,106.0,3.18,,False,,,16,10,0.012,False,,,,,,,,,,,,
49,twin,Neuroscience of respiration and sleep,Life Sciences,W2891303987,2018,Intranasal fentanyl for respiratory distress in children and adolescents with life-limiting conditions,53,3,2,0.63243898,16,0.6698,10,11.11,0.075,1.0,1.0,1.0,0.981,2,76,4.66,,False,,,1,0,0.0,False,,,,,,,,,,,,
